APT,A train running at the speed of 60 km/hr crosses a pole in 9 seconds. What is the length of the train? ,120 metres,180 metres,324 metres,150 metres,A
APT,A train running at the speed of 60 km/hr crosses a pole in 9 seconds. What is the length of the train? ,121 metres,181 metres,325 metres,151 metres,A
APT,A train running at the speed of 60 km/hr crosses a pole in 9 seconds. What is the length of the train? ,122 metres,182 metres,326 metres,152 metres,A
APT,A train running at the speed of 60 km/hr crosses a pole in 9 seconds. What is the length of the train? ,123 metres,183 metres,327 metres,153 metres,A
APT,A train running at the speed of 60 km/hr crosses a pole in 9 seconds. What is the length of the train? ,124 metres,184 metres,328 metres,154 metres,A
APT,A train running at the speed of 60 km/hr crosses a pole in 9 seconds. What is the length of the train? ,125 metres,185 metres,329 metres,155 metres,A
APT,A train running at the speed of 60 km/hr crosses a pole in 9 seconds. What is the length of the train? ,126 metres,186 metres,330 metres,156 metres,A
APT,A train running at the speed of 60 km/hr crosses a pole in 9 seconds. What is the length of the train? ,127 metres,187 metres,331 metres,157 metres,A
APT,A train running at the speed of 60 km/hr crosses a pole in 9 seconds. What is the length of the train? ,128 metres,188 metres,332 metres,158 metres,A
APT,A train running at the speed of 60 km/hr crosses a pole in 9 seconds. What is the length of the train? ,129 metres,189 metres,333 metres,159 metres,A
APT,A train running at the speed of 60 km/hr crosses a pole in 9 seconds. What is the length of the train? ,130 metres,190 metres,334 metres,160 metres,A
APT,A train running at the speed of 60 km/hr crosses a pole in 9 seconds. What is the length of the train? ,131 metres,191 metres,335 metres,161 metres,A
APT,A train running at the speed of 60 km/hr crosses a pole in 9 seconds. What is the length of the train? ,132 metres,192 metres,336 metres,162 metres,A
APT,A train running at the speed of 60 km/hr crosses a pole in 9 seconds. What is the length of the train? ,133 metres,193 metres,337 metres,163 metres,A
APT,A train running at the speed of 60 km/hr crosses a pole in 9 seconds. What is the length of the train? ,134 metres,194 metres,338 metres,164 metres,A
APT,A train running at the speed of 60 km/hr crosses a pole in 9 seconds. What is the length of the train? ,135 metres,195 metres,339 metres,165 metres,A
APT,A train running at the speed of 60 km/hr crosses a pole in 9 seconds. What is the length of the train? ,136 metres,196 metres,340 metres,166 metres,A
APT,A train running at the speed of 60 km/hr crosses a pole in 9 seconds. What is the length of the train? ,137 metres,197 metres,341 metres,167 metres,A
APT,A train running at the speed of 60 km/hr crosses a pole in 9 seconds. What is the length of the train? ,138 metres,198 metres,342 metres,168 metres,A
APT,A train running at the speed of 60 km/hr crosses a pole in 9 seconds. What is the length of the train? ,139 metres,199 metres,343 metres,169 metres,A
